epoch,train_loss,val_loss,val_cindex_global,normalized_avg_cindex,val_cindex_by_type
1,1.6624289671579997,0.13047463074326515,0.6817508967897198,0.5001022824712575,"{0: 0.7204301075268817, 1: 0.4360418342719228, 2: 0.49134199134199136, 3: 0.5921450151057401, 4: 0.25, 6: 0.5824468085106383, 7: 0.5555555555555556, 8: 0.4318181818181818, 10: 0.5728077232502011, 11: 0.5101313320825516, 12: 0.0, 13: 0.5005107252298263, 14: 0.6371308016877637, 15: 0.4432624113475177, 17: 0.6207243460764588, 18: 0.7211934156378601, 19: 0.5247267048412285, 20: 0.4493023255813953, 21: 0.6533333333333333, 23: 0.4611542730299667, 24: 0.52, 25: 0.9111111111111111, 26: nan, 27: 0.0, 28: 0.5292682926829269, 29: 0.6457699330493001, 30: 0.5306577480490524, 31: 0.4642857142857143, 32: 0.3372093023255814, 33: nan, 34: 0.6956043956043956, 35: 0.25806451612903225, 36: 0.45714285714285713}"
2,1.6361637512842815,0.12813162803649902,0.7096459761764217,0.48473858515238,"{0: 0.6666666666666666, 1: 0.413515687851971, 2: 0.5670995670995671, 3: 0.42900302114803623, 4: 0.5, 6: 0.5354609929078015, 7: 0.8888888888888888, 8: 0.35795454545454547, 10: 0.5120675784392599, 11: 0.5851782363977486, 12: 0.16666666666666666, 13: 0.59244126659857, 14: 0.379746835443038, 15: 0.46099290780141844, 17: 0.6881287726358148, 18: 0.5936213991769548, 19: 0.43154606975533577, 20: 0.49023255813953487, 21: 0.29333333333333333, 23: 0.38401775804661487, 24: 0.48923076923076925, 25: 0.8222222222222222, 26: nan, 27: 0.23333333333333334, 28: 0.6024390243902439, 29: 0.6713329275715155, 30: 0.4593088071348941, 31: 0.21428571428571427, 32: 0.3372093023255814, 33: nan, 34: 0.5208791208791209, 35: 0.22580645161290322, 36: 0.5142857142857142}"
3,1.609798526763916,0.12456808798015118,0.73812075254658,0.5023021525938005,"{0: 0.6774193548387096, 1: 0.40788415124698313, 2: 0.5054112554112554, 3: 0.5589123867069486, 4: 0.125, 6: 0.5469858156028369, 7: 0.6666666666666666, 8: 0.3465909090909091, 10: 0.4923572003218021, 11: 0.550656660412758, 12: 0.0, 13: 0.5822267620020429, 14: 0.5274261603375527, 15: 0.48226950354609927, 17: 0.6690140845070423, 18: 0.6676954732510288, 19: 0.5335762623633524, 20: 0.4711627906976744, 21: 0.5866666666666667, 23: 0.4855715871254162, 24: 0.48923076923076925, 25: 0.8333333333333334, 26: nan, 27: 0.06666666666666667, 28: 0.6487804878048781, 29: 0.7102860620815581, 30: 0.5613154960981048, 31: 0.42857142857142855, 32: 0.36046511627906974, 33: nan, 34: 0.6989010989010989, 35: 0.2903225806451613, 36: 0.6}"
4,1.5883251825968425,0.12341001816093922,0.7379482056637757,0.5147175033023195,"{0: 0.7311827956989247, 1: 0.417538213998391, 2: 0.5357142857142857, 3: 0.5709969788519638, 4: 0.25, 6: 0.5620567375886525, 7: 0.5555555555555556, 8: 0.3693181818181818, 10: 0.5329847144006437, 11: 0.5851782363977486, 12: 0.0, 13: 0.5250255362614913, 14: 0.5611814345991561, 15: 0.49645390070921985, 17: 0.647887323943662, 18: 0.7191358024691358, 19: 0.5304528891202499, 20: 0.4948837209302326, 21: 0.6, 23: 0.5, 24: 0.4523076923076923, 25: 0.8333333333333334, 26: nan, 27: 0.1, 28: 0.6902439024390243, 29: 0.707242848447961, 30: 0.5585284280936454, 31: 0.25, 32: 0.36046511627906974, 33: nan, 34: 0.6923076923076923, 35: 0.3548387096774194, 36: 0.7714285714285715}"
5,1.5884393612543741,0.1240499671548605,0.74144152325599,0.5056709636607994,"{0: 0.6881720430107527, 1: 0.41834271922767496, 2: 0.5097402597402597, 3: 0.5287009063444109, 4: 0.0, 6: 0.5186170212765957, 7: 0.8888888888888888, 8: 0.39204545454545453, 10: 0.5080450522928399, 11: 0.5596622889305816, 12: 0.08333333333333333, 13: 0.5607763023493361, 14: 0.5232067510548524, 15: 0.425531914893617, 17: 0.6780684104627767, 18: 0.6440329218106996, 19: 0.4586153045288912, 20: 0.5493023255813954, 21: 0.5066666666666667, 23: 0.46004439511653716, 24: 0.52, 25: 0.8111111111111111, 26: nan, 27: 0.06666666666666667, 28: 0.6634146341463415, 29: 0.7048082775410834, 30: 0.5674470457079153, 31: 0.4642857142857143, 32: 0.3372093023255814, 33: nan, 34: 0.6879120879120879, 35: 0.3225806451612903, 36: 0.6285714285714286}"
6,1.5699265321095786,0.1248064674437046,0.7344185624120237,0.5084483609183517,"{0: 0.6666666666666666, 1: 0.3813354786806114, 2: 0.6471861471861472, 3: 0.4773413897280967, 4: 0.375, 6: 0.5124113475177305, 7: 0.8888888888888888, 8: 0.4431818181818182, 10: 0.4581657280772325, 11: 0.5848030018761726, 12: 0.0, 13: 0.5812053115423902, 14: 0.39662447257383965, 15: 0.4326241134751773, 17: 0.6841046277665996, 18: 0.6265432098765432, 19: 0.4403956272774597, 20: 0.5655813953488372, 21: 0.41333333333333333, 23: 0.47780244173140957, 24: 0.4707692307692308, 25: 0.7888888888888889, 26: nan, 27: 0.16666666666666666, 28: 0.6585365853658537, 29: 0.6877662811929397, 30: 0.48049052396878483, 31: 0.4642857142857143, 32: 0.29069767441860467, 33: nan, 34: 0.7208791208791209, 35: 0.3225806451612903, 36: 0.6571428571428571}"
7,1.579991134007772,0.1249304935336113,0.722508286791082,0.5118617609941679,"{0: 0.6451612903225806, 1: 0.40788415124698313, 2: 0.5670995670995671, 3: 0.5045317220543807, 4: 0.125, 6: 0.5452127659574468, 7: 1.0, 8: 0.3693181818181818, 10: 0.5482703137570394, 11: 0.5660412757973734, 12: 0.0, 13: 0.5495403472931563, 14: 0.4345991561181435, 15: 0.4397163120567376, 17: 0.6629778672032193, 18: 0.6882716049382716, 19: 0.48828735033836546, 20: 0.5232558139534884, 21: 0.56, 23: 0.43895671476137627, 24: 0.52, 25: 0.8, 26: nan, 27: 0.16666666666666666, 28: 0.6634146341463415, 29: 0.6920267802799757, 30: 0.5178372352285395, 31: 0.4642857142857143, 32: 0.36046511627906974, 33: nan, 34: 0.7, 35: 0.2903225806451613, 36: 0.6285714285714286}"
8,1.5662367423375447,0.12354821711778641,0.7404395404804068,0.49786880681831086,"{0: 0.6451612903225806, 1: 0.42880128720836685, 2: 0.5638528138528138, 3: 0.5045317220543807, 4: 0.0, 6: 0.5336879432624113, 7: 0.7777777777777778, 8: 0.4431818181818182, 10: 0.5353982300884956, 11: 0.5671669793621014, 12: 0.0, 13: 0.5168539325842697, 14: 0.510548523206751, 15: 0.3971631205673759, 17: 0.6790744466800804, 18: 0.6275720164609053, 19: 0.4211348256116606, 20: 0.5693023255813954, 21: 0.4533333333333333, 23: 0.45449500554938954, 24: 0.5138461538461538, 25: 0.7777777777777778, 26: nan, 27: 0.26666666666666666, 28: 0.6853658536585366, 29: 0.6993304930006087, 30: 0.5579710144927537, 31: 0.4642857142857143, 32: 0.29069767441860467, 33: nan, 34: 0.6835164835164835, 35: 0.3225806451612903, 36: 0.5428571428571428}"
9,1.5660003582636515,0.12325256317853928,0.7421029529734066,0.5012613882516692,"{0: 0.6559139784946236, 1: 0.415124698310539, 2: 0.5887445887445888, 3: 0.46827794561933533, 4: 0.125, 6: 0.5372340425531915, 7: 0.7777777777777778, 8: 0.4602272727272727, 10: 0.5197103781174578, 11: 0.5784240150093809, 12: 0.0, 13: 0.5148110316649642, 14: 0.5063291139240507, 15: 0.43617021276595747, 17: 0.6790744466800804, 18: 0.6059670781893004, 19: 0.4143675169182717, 20: 0.58, 21: 0.4666666666666667, 23: 0.4550499445061043, 24: 0.48, 25: 0.8111111111111111, 26: nan, 27: 0.3, 28: 0.7170731707317073, 29: 0.696895922093731, 30: 0.5384615384615384, 31: 0.42857142857142855, 32: 0.29069767441860467, 33: nan, 34: 0.6868131868131868, 35: 0.2903225806451613, 36: 0.5142857142857142}"
10,0.10715771565834681,0.12248344346880913,0.7431821277755074,0.542718254516428,"{0: 0.7419354838709677, 1: 0.4778761061946903, 2: 0.5335497835497836, 3: 0.6555891238670695, 4: 0.375, 6: 0.5345744680851063, 7: 0.4444444444444444, 8: 0.5284090909090909, 10: 0.4754625905068383, 11: 0.5322701688555347, 12: 0.08333333333333333, 13: 0.3452502553626149, 14: 0.620253164556962, 15: 0.450354609929078, 17: 0.6750503018108652, 18: 0.5925925925925926, 19: 0.5851119208745446, 20: 0.546046511627907, 21: 0.5866666666666667, 23: 0.6320754716981132, 24: 0.3507692307692308, 25: 0.9222222222222223, 26: nan, 27: 0.7, 28: 0.6390243902439025, 29: 0.6841144248326233, 30: 0.5457079152731327, 31: 0.4642857142857143, 32: 0.38372093023255816, 33: nan, 34: 0.7065934065934066, 35: 0.3548387096774194, 36: 0.6571428571428571}"
11,0.10625380277633667,0.12092160247266293,0.7386671510087939,0.5321928308910738,"{0: 0.7204301075268817, 1: 0.4352373290426388, 2: 0.474025974025974, 3: 0.6102719033232629, 4: 0.0, 6: 0.5434397163120568, 7: 0.4444444444444444, 8: 0.4772727272727273, 10: 0.5068382944489139, 11: 0.5592870544090056, 12: 0.08333333333333333, 13: 0.39427987742594484, 14: 0.5654008438818565, 15: 0.5035460992907801, 17: 0.6800804828973843, 18: 0.6141975308641975, 19: 0.5377407600208225, 20: 0.5697674418604651, 21: 0.6, 23: 0.5832408435072142, 24: 0.4430769230769231, 25: 0.8444444444444444, 26: nan, 27: 0.7, 28: 0.7024390243902439, 29: 0.7188070602556299, 30: 0.5546265328874025, 31: 0.39285714285714285, 32: 0.5697674418604651, 33: nan, 34: 0.6857142857142857, 35: 0.3548387096774194, 36: 0.6285714285714286}"
12,0.10412013630072275,0.12072873674333096,0.7344821323162148,0.5220713823815509,"{0: 0.6989247311827957, 1: 0.41190667739340303, 2: 0.47943722943722944, 3: 0.5709969788519638, 4: 0.0, 6: 0.5407801418439716, 7: 0.4444444444444444, 8: 0.4602272727272727, 10: 0.5325824617860017, 11: 0.5439024390243903, 12: 0.08333333333333333, 13: 0.45556690500510727, 14: 0.5443037974683544, 15: 0.46099290780141844, 17: 0.682092555331992, 18: 0.6224279835390947, 19: 0.5429463820926601, 20: 0.5693023255813954, 21: 0.6, 23: 0.5910099889012209, 24: 0.46153846153846156, 25: 0.8111111111111111, 26: nan, 27: 0.6, 28: 0.6902439024390243, 29: 0.7212416311625076, 30: 0.5512820512820513, 31: 0.21428571428571427, 32: 0.5697674418604651, 33: nan, 34: 0.689010989010989, 35: 0.3548387096774194, 36: 0.6857142857142857}"
13,0.10329417089621226,0.12009302340447903,0.739263497252872,0.526658507898436,"{0: 0.7204301075268817, 1: 0.414320193081255, 2: 0.5108225108225108, 3: 0.5468277945619335, 4: 0.375, 6: 0.5328014184397163, 7: 0.4444444444444444, 8: 0.48863636363636365, 10: 0.5189058728881738, 11: 0.5592870544090056, 12: 0.16666666666666666, 13: 0.4729315628192033, 14: 0.5443037974683544, 15: 0.4716312056737589, 17: 0.6770623742454729, 18: 0.5967078189300411, 19: 0.5460697553357626, 20: 0.5693023255813954, 21: 0.5466666666666666, 23: 0.611542730299667, 24: 0.4553846153846154, 25: 0.7777777777777778, 26: nan, 27: 0.3333333333333333, 28: 0.6926829268292682, 29: 0.7188070602556299, 30: 0.5585284280936454, 31: 0.21428571428571427, 32: 0.47674418604651164, 33: nan, 34: 0.6868131868131868, 35: 0.3548387096774194, 36: 0.7428571428571429}"
14,0.10043016870816548,0.11982339434325695,0.7388200214926819,0.5335689497420713,"{0: 0.6774193548387096, 1: 0.42799678197908286, 2: 0.5194805194805194, 3: 0.5770392749244713, 4: 0.375, 6: 0.523936170212766, 7: 0.4444444444444444, 8: 0.48863636363636365, 10: 0.5285599356395817, 11: 0.5712945590994372, 12: 0.08333333333333333, 13: 0.4484167517875383, 14: 0.5654008438818565, 15: 0.49645390070921985, 17: 0.6750503018108652, 18: 0.5823045267489712, 19: 0.5377407600208225, 20: 0.5818604651162791, 21: 0.6133333333333333, 23: 0.5887902330743618, 24: 0.4430769230769231, 25: 0.7666666666666667, 26: nan, 27: 0.6, 28: 0.7121951219512195, 29: 0.7054169202678028, 30: 0.5574136008918618, 31: 0.21428571428571427, 32: 0.45348837209302323, 33: nan, 34: 0.6802197802197802, 35: 0.3870967741935484, 36: 0.7142857142857143}"
15,0.10134212424357732,0.11940029449760914,0.7392271715933343,0.541626399840753,"{0: 0.7204301075268817, 1: 0.43765084473049076, 2: 0.5183982683982684, 3: 0.5800604229607251, 4: 0.375, 6: 0.5168439716312057, 7: 0.4444444444444444, 8: 0.5, 10: 0.5301689460981497, 11: 0.5682926829268292, 12: 0.08333333333333333, 13: 0.41470888661899896, 14: 0.5991561181434599, 15: 0.4858156028368794, 17: 0.6720321931589537, 18: 0.5781893004115226, 19: 0.5590838105153566, 20: 0.5786046511627907, 21: 0.64, 23: 0.5871254162042175, 24: 0.4276923076923077, 25: 0.7666666666666667, 26: nan, 27: 0.6666666666666666, 28: 0.7170731707317073, 29: 0.7048082775410834, 30: 0.5473801560758083, 31: 0.21428571428571427, 32: 0.5232558139534884, 33: nan, 34: 0.6747252747252748, 35: 0.3870967741935484, 36: 0.7714285714285715}"
16,0.10105452984571457,0.11943290382623672,0.7402140186774433,0.5400517064100586,"{0: 0.6881720430107527, 1: 0.43765084473049076, 2: 0.5432900432900433, 3: 0.56797583081571, 4: 0.375, 6: 0.5079787234042553, 7: 0.5555555555555556, 8: 0.5, 10: 0.5454545454545454, 11: 0.575046904315197, 12: 0.08333333333333333, 13: 0.4371807967313585, 14: 0.5654008438818565, 15: 0.48226950354609927, 17: 0.676056338028169, 18: 0.5483539094650206, 19: 0.5143154606975534, 20: 0.5976744186046512, 21: 0.6266666666666667, 23: 0.5427302996670367, 24: 0.40923076923076923, 25: 0.6666666666666666, 26: nan, 27: 0.7333333333333333, 28: 0.7317073170731707, 29: 0.6987218502738892, 30: 0.5423634336677815, 31: 0.21428571428571427, 32: 0.5232558139534884, 33: nan, 34: 0.6648351648351648, 35: 0.3870967741935484, 36: 0.8}"
17,0.0999138871828715,0.11952706798911095,0.7410752395223176,0.548779438059798,"{0: 0.7096774193548387, 1: 0.43121480289621883, 2: 0.5422077922077922, 3: 0.5830815709969789, 4: 0.375, 6: 0.5088652482269503, 7: 0.6666666666666666, 8: 0.5056818181818182, 10: 0.5422365245374094, 11: 0.5716697936210131, 12: 0.08333333333333333, 13: 0.4453524004085802, 14: 0.5822784810126582, 15: 0.4787234042553192, 17: 0.6740442655935613, 18: 0.5545267489711934, 19: 0.5398230088495575, 20: 0.5855813953488372, 21: 0.7066666666666667, 23: 0.5588235294117647, 24: 0.4369230769230769, 25: 0.7333333333333333, 26: nan, 27: 0.6666666666666666, 28: 0.7268292682926829, 29: 0.6981132075471698, 30: 0.5373467112597548, 31: 0.21428571428571427, 32: 0.5232558139534884, 33: nan, 34: 0.6714285714285714, 35: 0.3870967741935484, 36: 0.7714285714285715}"
18,0.09880165855089823,0.11930366419255733,0.7426765956802737,0.553019935409448,"{0: 0.7096774193548387, 1: 0.4239742558326629, 2: 0.5476190476190477, 3: 0.5830815709969789, 4: 0.375, 6: 0.5079787234042553, 7: 0.7777777777777778, 8: 0.4943181818181818, 10: 0.5587288817377313, 11: 0.5660412757973734, 12: 0.08333333333333333, 13: 0.449438202247191, 14: 0.5780590717299579, 15: 0.4929078014184397, 17: 0.670020120724346, 18: 0.5679012345679012, 19: 0.5294117647058824, 20: 0.586046511627907, 21: 0.7866666666666666, 23: 0.5571587125416204, 24: 0.4461538461538462, 25: 0.7555555555555555, 26: nan, 27: 0.5, 28: 0.724390243902439, 29: 0.6975045648204504, 30: 0.540133779264214, 31: 0.21428571428571427, 32: 0.5, 33: nan, 34: 0.6725274725274726, 35: 0.41935483870967744, 36: 0.8285714285714286}"
19,0.09953680137793224,0.12009469047188759,0.7410601038308435,0.5590233278890291,"{0: 0.6989247311827957, 1: 0.41110217216411904, 2: 0.5584415584415584, 3: 0.552870090634441, 4: 0.375, 6: 0.5141843971631206, 7: 0.7777777777777778, 8: 0.5625, 10: 0.5430410297666934, 11: 0.5664165103189494, 12: 0.08333333333333333, 13: 0.45556690500510727, 14: 0.5907172995780591, 15: 0.4929078014184397, 17: 0.6659959758551308, 18: 0.5010288065843621, 19: 0.536699635606455, 20: 0.573953488372093, 21: 0.6666666666666666, 23: 0.5776914539400666, 24: 0.4153846153846154, 25: 0.7666666666666667, 26: nan, 27: 0.8333333333333334, 28: 0.7146341463414634, 29: 0.6920267802799757, 30: 0.5133779264214047, 31: 0.21428571428571427, 32: 0.6162790697674418, 33: nan, 34: 0.6681318681318681, 35: 0.41935483870967744, 36: 0.7714285714285715}"
20,0.0996695652604103,0.11938914097845554,0.7407286321875615,0.5277802494890137,"{0: 0.7204301075268817, 1: 0.415124698310539, 2: 0.5854978354978355, 3: 0.525679758308157, 4: 0.375, 6: 0.49556737588652483, 7: 0.7777777777777778, 8: 0.5227272727272727, 10: 0.5353982300884956, 11: 0.5652908067542214, 12: 0.08333333333333333, 13: 0.4974463738508682, 14: 0.5358649789029536, 15: 0.4574468085106383, 17: 0.6670020120724346, 18: 0.529835390946502, 19: 0.49557522123893805, 20: 0.5995348837209302, 21: 0.5466666666666666, 23: 0.5449500554938956, 24: 0.4523076923076923, 25: 0.7333333333333333, 26: nan, 27: 0.3, 28: 0.7048780487804878, 29: 0.6902008520998174, 30: 0.5284280936454849, 31: 0.21428571428571427, 32: 0.43023255813953487, 33: nan, 34: 0.6802197802197802, 35: 0.3225806451612903, 36: 0.8285714285714286}"
21,0.10042648464441299,0.12058670818805695,0.7411478908413931,0.5516697667494818,"{0: 0.6989247311827957, 1: 0.417538213998391, 2: 0.54004329004329, 3: 0.5347432024169184, 4: 0.375, 6: 0.524822695035461, 7: 0.7777777777777778, 8: 0.45454545454545453, 10: 0.580450522928399, 11: 0.5544090056285178, 12: 0.08333333333333333, 13: 0.4514811031664964, 14: 0.5949367088607594, 15: 0.4326241134751773, 17: 0.6680080482897385, 18: 0.5740740740740741, 19: 0.49453409682457056, 20: 0.5944186046511628, 21: 0.7333333333333333, 23: 0.5260821309655938, 24: 0.46153846153846156, 25: 0.7111111111111111, 26: nan, 27: 0.7666666666666667, 28: 0.7341463414634146, 29: 0.6993304930006087, 30: 0.5356744704570792, 31: 0.21428571428571427, 32: 0.6395348837209303, 33: nan, 34: 0.6703296703296703, 35: 0.25806451612903225, 36: 0.8}"
22,0.09900136093298594,0.11883104406297207,0.7415126610059181,0.5564094011328963,"{0: 0.7634408602150538, 1: 0.413515687851971, 2: 0.5811688311688312, 3: 0.5589123867069486, 4: 0.375, 6: 0.5132978723404256, 7: 0.7777777777777778, 8: 0.44886363636363635, 10: 0.5764279967819791, 11: 0.5566604127579737, 12: 0.08333333333333333, 13: 0.4606741573033708, 14: 0.5949367088607594, 15: 0.46808510638297873, 17: 0.6599597585513078, 18: 0.5648148148148148, 19: 0.5309734513274337, 20: 0.6, 21: 0.7466666666666667, 23: 0.5449500554938956, 24: 0.4492307692307692, 25: 0.7333333333333333, 26: nan, 27: 0.7333333333333333, 28: 0.7292682926829268, 29: 0.6950699939135727, 30: 0.5211817168338907, 31: 0.21428571428571427, 32: 0.5232558139534884, 33: nan, 34: 0.6791208791208792, 35: 0.3225806451612903, 36: 0.8285714285714286}"
23,0.09973760843276977,0.11945627070963383,0.7425328066112701,0.5615824629074408,"{0: 0.7526881720430108, 1: 0.4102976669348351, 2: 0.5854978354978355, 3: 0.5287009063444109, 4: 0.375, 6: 0.5141843971631206, 7: 0.7777777777777778, 8: 0.4943181818181818, 10: 0.5502815768302494, 11: 0.5630393996247655, 12: 0.08333333333333333, 13: 0.491317671092952, 14: 0.5611814345991561, 15: 0.4929078014184397, 17: 0.6629778672032193, 18: 0.5308641975308642, 19: 0.5393024466423738, 20: 0.5818604651162791, 21: 0.7333333333333333, 23: 0.5854605993340732, 24: 0.4276923076923077, 25: 0.7111111111111111, 26: nan, 27: 0.8333333333333334, 28: 0.7365853658536585, 29: 0.6938527084601339, 30: 0.5089186176142698, 31: 0.21428571428571427, 32: 0.5697674418604651, 33: nan, 34: 0.6835164835164835, 35: 0.3870967741935484, 36: 0.8285714285714286}"
24,0.09890719552834829,0.11989904381334782,0.7415837987558461,0.5557609216815333,"{0: 0.7204301075268817, 1: 0.415929203539823, 2: 0.5703463203463204, 3: 0.5740181268882175, 4: 0.375, 6: 0.5195035460992907, 7: 0.7777777777777778, 8: 0.45454545454545453, 10: 0.5788415124698311, 11: 0.5547842401500938, 12: 0.08333333333333333, 13: 0.45556690500510727, 14: 0.5991561181434599, 15: 0.4397163120567376, 17: 0.6609657947686117, 18: 0.5792181069958847, 19: 0.5497136907860489, 20: 0.5990697674418605, 21: 0.76, 23: 0.5810210876803552, 24: 0.4553846153846154, 25: 0.7111111111111111, 26: nan, 27: 0.7, 28: 0.7341463414634146, 29: 0.6950699939135727, 30: 0.5267558528428093, 31: 0.21428571428571427, 32: 0.5697674418604651, 33: nan, 34: 0.6791208791208792, 35: 0.3225806451612903, 36: 0.7714285714285715}"
25,0.09780082454284032,0.11991612240672112,0.7420408966383629,0.5408166178404115,"{0: 0.6989247311827957, 1: 0.415929203539823, 2: 0.5703463203463204, 3: 0.513595166163142, 4: 0.375, 6: 0.5292553191489362, 7: 0.7777777777777778, 8: 0.45454545454545453, 10: 0.5752212389380531, 11: 0.5581613508442776, 12: 0.08333333333333333, 13: 0.4821246169560776, 14: 0.5780590717299579, 15: 0.46808510638297873, 17: 0.6659959758551308, 18: 0.5751028806584362, 19: 0.49817803227485685, 20: 0.6023255813953489, 21: 0.72, 23: 0.5305216426193119, 24: 0.46153846153846156, 25: 0.5333333333333333, 26: nan, 27: 0.6333333333333333, 28: 0.7341463414634146, 29: 0.6871576384662204, 30: 0.5083612040133779, 31: 0.21428571428571427, 32: 0.6395348837209303, 33: nan, 34: 0.6802197802197802, 35: 0.25806451612903225, 36: 0.7428571428571429}"
26,0.09835965583721797,0.11824523098766804,0.7437376076526057,0.5588875927026443,"{0: 0.7526881720430108, 1: 0.4086886564762671, 2: 0.6017316017316018, 3: 0.5891238670694864, 4: 0.375, 6: 0.5301418439716312, 7: 0.7777777777777778, 8: 0.4715909090909091, 10: 0.5603378921962993, 11: 0.5371482176360225, 12: 0.08333333333333333, 13: 0.49948927477017363, 14: 0.6666666666666666, 15: 0.4929078014184397, 17: 0.6519114688128773, 18: 0.5504115226337448, 19: 0.5809474232170745, 20: 0.5693023255813954, 21: 0.7733333333333333, 23: 0.632630410654828, 24: 0.41846153846153844, 25: 0.6888888888888889, 26: nan, 27: 0.6333333333333333, 28: 0.7048780487804878, 29: 0.6786366402921485, 30: 0.4972129319955407, 31: 0.21428571428571427, 32: 0.5697674418604651, 33: nan, 34: 0.6923076923076923, 35: 0.3225806451612903, 36: 0.8}"
27,0.09941910157601039,0.11911832168698311,0.7388624014288093,0.5634758550474687,"{0: 0.7526881720430108, 1: 0.414320193081255, 2: 0.5584415584415584, 3: 0.6102719033232629, 4: 0.375, 6: 0.5372340425531915, 7: 0.7777777777777778, 8: 0.45454545454545453, 10: 0.5776347546259051, 11: 0.5292682926829269, 12: 0.08333333333333333, 13: 0.4882533197139939, 14: 0.6835443037974683, 15: 0.49645390070921985, 17: 0.635814889336016, 18: 0.573045267489712, 19: 0.6002082248828735, 20: 0.5506976744186046, 21: 0.8, 23: 0.6287458379578247, 24: 0.4430769230769231, 25: 0.7444444444444445, 26: nan, 27: 0.7, 28: 0.6804878048780488, 29: 0.6810712111990261, 30: 0.512263099219621, 31: 0.21428571428571427, 32: 0.6162790697674418, 33: nan, 34: 0.6868131868131868, 35: 0.2903225806451613, 36: 0.7714285714285715}"
28,0.09971755643685659,0.11973623931407928,0.7419258653831601,0.5589700717756553,"{0: 0.7311827956989247, 1: 0.39581657280772325, 2: 0.579004329004329, 3: 0.513595166163142, 4: 0.5, 6: 0.526595744680851, 7: 0.7777777777777778, 8: 0.4659090909090909, 10: 0.5691874497184232, 11: 0.5547842401500938, 12: 0.08333333333333333, 13: 0.5045965270684372, 14: 0.620253164556962, 15: 0.4326241134751773, 17: 0.6569416498993964, 18: 0.5576131687242798, 19: 0.5419052576782926, 20: 0.5869767441860465, 21: 0.7733333333333333, 23: 0.6082130965593785, 24: 0.46153846153846156, 25: 0.5888888888888889, 26: nan, 27: 0.7, 28: 0.7048780487804878, 29: 0.689592209373098, 30: 0.5167224080267558, 31: 0.25, 32: 0.686046511627907, 33: nan, 34: 0.689010989010989, 35: 0.2903225806451613, 36: 0.7714285714285715}"
29,0.0977339709798495,0.11915356665849686,0.7338524875508937,0.5578494991678117,"{0: 0.6881720430107527, 1: 0.41995172968624295, 2: 0.6233766233766234, 3: 0.4954682779456193, 4: 0.75, 6: 0.5212765957446809, 7: 0.7777777777777778, 8: 0.4715909090909091, 10: 0.5543041029766693, 11: 0.5581613508442776, 12: 0.08333333333333333, 13: 0.49540347293156284, 14: 0.569620253164557, 15: 0.44680851063829785, 17: 0.6529175050301811, 18: 0.5390946502057613, 19: 0.4976574700676731, 20: 0.6069767441860465, 21: 0.7066666666666667, 23: 0.548834628190899, 24: 0.4707692307692308, 25: 0.6666666666666666, 26: nan, 27: 0.6666666666666666, 28: 0.7073170731707317, 29: 0.6768107121119903, 30: 0.5033444816053512, 31: 0.21428571428571427, 32: 0.5465116279069767, 33: nan, 34: 0.6824175824175824, 35: 0.3225806451612903, 36: 0.8285714285714286}"
30,0.0988693947593371,0.11910129524767399,0.7423753954199398,0.5686141334602516,"{0: 0.7204301075268817, 1: 0.3998390989541432, 2: 0.5324675324675324, 3: 0.5317220543806647, 4: 0.75, 6: 0.5390070921985816, 7: 0.7777777777777778, 8: 0.42045454545454547, 10: 0.5953338696701529, 11: 0.5300187617260788, 12: 0.08333333333333333, 13: 0.5148110316649642, 14: 0.6751054852320675, 15: 0.4716312056737589, 17: 0.6519114688128773, 18: 0.6018518518518519, 19: 0.5450286309213951, 20: 0.5688372093023256, 21: 0.7466666666666667, 23: 0.6009988901220865, 24: 0.4707692307692308, 25: 0.7333333333333333, 26: nan, 27: 0.6333333333333333, 28: 0.697560975609756, 29: 0.7029823493609252, 30: 0.5228539576365663, 31: 0.21428571428571427, 32: 0.6395348837209303, 33: nan, 34: 0.6934065934065934, 35: 0.2903225806451613, 36: 0.7714285714285715}"
31,0.0979204590121905,0.12051739729940891,0.7425895654542978,0.5638306491717536,"{0: 0.7634408602150538, 1: 0.4094931617055511, 2: 0.5422077922077922, 3: 0.5619335347432024, 4: 0.5, 6: 0.5345744680851063, 7: 0.7777777777777778, 8: 0.4602272727272727, 10: 0.5639581657280772, 11: 0.5161350844277673, 12: 0.08333333333333333, 13: 0.5199182839632278, 14: 0.6919831223628692, 15: 0.4645390070921986, 17: 0.6398390342052314, 18: 0.5679012345679012, 19: 0.5976054138469548, 20: 0.5637209302325581, 21: 0.8, 23: 0.6453940066592675, 24: 0.4553846153846154, 25: 0.7666666666666667, 26: nan, 27: 0.6, 28: 0.6585365853658537, 29: 0.6938527084601339, 30: 0.520066889632107, 31: 0.21428571428571427, 32: 0.5697674418604651, 33: nan, 34: 0.7021978021978021, 35: 0.3225806451612903, 36: 0.7714285714285715}"
32,0.09743665258089701,0.11973713710904121,0.7389168899181159,0.5702500232087633,"{0: 0.6774193548387096, 1: 0.4006436041834272, 2: 0.5941558441558441, 3: 0.486404833836858, 4: 0.75, 6: 0.5363475177304965, 7: 0.7777777777777778, 8: 0.4659090909090909, 10: 0.5695897023330652, 11: 0.5615384615384615, 12: 0.08333333333333333, 13: 0.5199182839632278, 14: 0.620253164556962, 15: 0.46099290780141844, 17: 0.6619718309859155, 18: 0.5473251028806584, 19: 0.4986985944820406, 20: 0.5837209302325581, 21: 0.7466666666666667, 23: 0.5599334073251943, 24: 0.4707692307692308, 25: 0.6, 26: nan, 27: 0.9, 28: 0.6926829268292682, 29: 0.6828971393791844, 30: 0.48773690078037907, 31: 0.21428571428571427, 32: 0.7093023255813954, 33: nan, 34: 0.6912087912087912, 35: 0.3548387096774194, 36: 0.7714285714285715}"
33,0.09760665247837702,0.11944329552352428,0.7410737259531702,0.5559668242889998,"{0: 0.6989247311827957, 1: 0.4014481094127112, 2: 0.553030303030303, 3: 0.5438066465256798, 4: 0.625, 6: 0.5310283687943262, 7: 0.7777777777777778, 8: 0.4090909090909091, 10: 0.588495575221239, 11: 0.5292682926829269, 12: 0.08333333333333333, 13: 0.5311542390194075, 14: 0.6624472573839663, 15: 0.43617021276595747, 17: 0.6368209255533199, 18: 0.6100823045267489, 19: 0.5715773034877668, 20: 0.5688372093023256, 21: 0.76, 23: 0.6104328523862376, 24: 0.4707692307692308, 25: 0.7444444444444445, 26: nan, 27: 0.43333333333333335, 28: 0.6853658536585366, 29: 0.704199634814364, 30: 0.5245261984392419, 31: 0.21428571428571427, 32: 0.5697674418604651, 33: nan, 34: 0.6978021978021978, 35: 0.2903225806451613, 36: 0.7714285714285715}"
34,0.09816047052542369,0.11982541345059872,0.7359896471870317,0.5638007526742277,"{0: 0.6774193548387096, 1: 0.40547063555913115, 2: 0.5974025974025974, 3: 0.5498489425981873, 4: 0.5, 6: 0.5434397163120568, 7: 0.7777777777777778, 8: 0.44886363636363635, 10: 0.5695897023330652, 11: 0.5457786116322701, 12: 0.08333333333333333, 13: 0.5250255362614913, 14: 0.6751054852320675, 15: 0.450354609929078, 17: 0.647887323943662, 18: 0.565843621399177, 19: 0.5601249349297241, 20: 0.5795348837209302, 21: 0.8, 23: 0.6337402885682575, 24: 0.46153846153846156, 25: 0.7444444444444445, 26: nan, 27: 0.6333333333333333, 28: 0.6853658536585366, 29: 0.6835057821059038, 30: 0.5195094760312151, 31: 0.21428571428571427, 32: 0.6162790697674418, 33: nan, 34: 0.689010989010989, 35: 0.3225806451612903, 36: 0.7714285714285715}"
35,0.09715101222197214,0.11991154216229916,0.7364573400535803,0.5600138282994196,"{0: 0.6666666666666666, 1: 0.4030571198712792, 2: 0.5963203463203464, 3: 0.4954682779456193, 4: 0.375, 6: 0.5345744680851063, 7: 0.7777777777777778, 8: 0.45454545454545453, 10: 0.5559131134352373, 11: 0.55140712945591, 12: 0.08333333333333333, 13: 0.5137895812053116, 14: 0.6329113924050633, 15: 0.43617021276595747, 17: 0.6579476861167002, 18: 0.5617283950617284, 19: 0.5288912024986986, 20: 0.5953488372093023, 21: 0.76, 23: 0.6226415094339622, 24: 0.48, 25: 0.7222222222222222, 26: nan, 27: 0.8333333333333334, 28: 0.6829268292682927, 29: 0.6798539257455873, 30: 0.5083612040133779, 31: 0.21428571428571427, 32: 0.6162790697674418, 33: nan, 34: 0.6934065934065934, 35: 0.3548387096774194, 36: 0.7714285714285715}"
36,0.09846580028533936,0.11842825822532177,0.7402291543689173,0.5567874809809614,"{0: 0.6989247311827957, 1: 0.39501206757843926, 2: 0.6201298701298701, 3: 0.4622356495468278, 4: 0.625, 6: 0.5602836879432624, 7: 0.7777777777777778, 8: 0.4431818181818182, 10: 0.5426387771520514, 11: 0.5521575984990619, 12: 0.08333333333333333, 13: 0.5311542390194075, 14: 0.6118143459915611, 15: 0.45390070921985815, 17: 0.6639839034205232, 18: 0.595679012345679, 19: 0.48672566371681414, 20: 0.6069767441860465, 21: 0.72, 23: 0.595449500554939, 24: 0.48923076923076925, 25: 0.7111111111111111, 26: nan, 27: 0.6, 28: 0.6731707317073171, 29: 0.6713329275715155, 30: 0.5234113712374582, 31: 0.21428571428571427, 32: 0.5465116279069767, 33: nan, 34: 0.710989010989011, 35: 0.3225806451612903, 36: 0.7714285714285715}"
37,0.09730049918095271,0.11961394548416138,0.7369129243669497,0.5649240602240557,"{0: 0.7096774193548387, 1: 0.4022526146419952, 2: 0.5941558441558441, 3: 0.5438066465256798, 4: 0.5, 6: 0.5629432624113475, 7: 0.7777777777777778, 8: 0.45454545454545453, 10: 0.5418342719227675, 11: 0.5330206378986867, 12: 0.08333333333333333, 13: 0.48723186925434114, 14: 0.6962025316455697, 15: 0.425531914893617, 17: 0.6519114688128773, 18: 0.5576131687242798, 19: 0.553878188443519, 20: 0.5832558139534884, 21: 0.68, 23: 0.6759156492785794, 24: 0.47384615384615386, 25: 0.6444444444444445, 26: nan, 27: 0.7, 28: 0.6902439024390243, 29: 0.6725502130249543, 30: 0.5234113712374582, 31: 0.25, 32: 0.7093023255813954, 33: nan, 34: 0.7076923076923077, 35: 0.3548387096774194, 36: 0.7714285714285715}"
38,0.0982605700691541,0.1194793600589037,0.7406514401610438,0.5647523945503804,"{0: 0.6666666666666666, 1: 0.3917940466613033, 2: 0.5551948051948052, 3: 0.5075528700906344, 4: 0.5, 6: 0.550531914893617, 7: 0.6666666666666666, 8: 0.4147727272727273, 10: 0.584473049074819, 11: 0.5300187617260788, 12: 0.08333333333333333, 13: 0.5076608784473953, 14: 0.7046413502109705, 15: 0.46808510638297873, 17: 0.6539235412474849, 18: 0.6234567901234568, 19: 0.5169182717334722, 20: 0.5809302325581396, 21: 0.8, 23: 0.5893451720310766, 24: 0.48, 25: 0.6222222222222222, 26: nan, 27: 0.8666666666666667, 28: 0.6926829268292682, 29: 0.6962872793670115, 30: 0.5256410256410257, 31: 0.25, 32: 0.686046511627907, 33: nan, 34: 0.6978021978021978, 35: 0.3225806451612903, 36: 0.7714285714285715}"
39,0.09826287577549617,0.12064923904836178,0.7339826544975707,0.5512871020925998,"{0: 0.6666666666666666, 1: 0.39823008849557523, 2: 0.6190476190476191, 3: 0.48338368580060426, 4: 0.375, 6: 0.550531914893617, 7: 0.7777777777777778, 8: 0.44886363636363635, 10: 0.5687851971037812, 11: 0.5472795497185741, 12: 0.08333333333333333, 13: 0.5270684371807968, 14: 0.6497890295358649, 15: 0.4326241134751773, 17: 0.6659959758551308, 18: 0.588477366255144, 19: 0.493492972410203, 20: 0.6018604651162791, 21: 0.7733333333333333, 23: 0.5332963374028857, 24: 0.5015384615384615, 25: 0.7, 26: nan, 27: 0.6, 28: 0.6853658536585366, 29: 0.6774193548387096, 30: 0.5161649944258639, 31: 0.21428571428571427, 32: 0.6162790697674418, 33: nan, 34: 0.7, 35: 0.3225806451612903, 36: 0.7714285714285715}"
40,0.09769769261280696,0.1209259033203125,0.7401232045285989,0.5529294269827528,"{0: 0.6559139784946236, 1: 0.39662107803700725, 2: 0.6071428571428571, 3: 0.4743202416918429, 4: 0.375, 6: 0.5363475177304965, 7: 0.7777777777777778, 8: 0.4602272727272727, 10: 0.5510860820595334, 11: 0.5337711069418386, 12: 0.08333333333333333, 13: 0.5270684371807968, 14: 0.6075949367088608, 15: 0.425531914893617, 17: 0.6639839034205232, 18: 0.5781893004115226, 19: 0.5018219677251432, 20: 0.5925581395348837, 21: 0.7866666666666666, 23: 0.618756936736959, 24: 0.49538461538461537, 25: 0.7333333333333333, 26: nan, 27: 0.6333333333333333, 28: 0.675609756097561, 29: 0.6859403530127814, 30: 0.532329988851728, 31: 0.21428571428571427, 32: 0.6162790697674418, 33: nan, 34: 0.7065934065934066, 35: 0.3225806451612903, 36: 0.7714285714285715}"
41,0.09874201714992523,0.11970973573625088,0.7351511298793686,0.5546103034134997,"{0: 0.6451612903225806, 1: 0.412711182622687, 2: 0.6255411255411255, 3: 0.48036253776435045, 4: 0.375, 6: 0.5310283687943262, 7: 0.7777777777777778, 8: 0.4431818181818182, 10: 0.5494770716009654, 11: 0.523639774859287, 12: 0.08333333333333333, 13: 0.49540347293156284, 14: 0.679324894514768, 15: 0.450354609929078, 17: 0.6448692152917505, 18: 0.5401234567901234, 19: 0.5465903175429464, 20: 0.5874418604651163, 21: 0.8, 23: 0.658157602663707, 24: 0.48307692307692307, 25: 0.7888888888888889, 26: nan, 27: 0.6666666666666666, 28: 0.6780487804878049, 29: 0.6731588557516738, 30: 0.5206243032329989, 31: 0.21428571428571427, 32: 0.6162790697674418, 33: nan, 34: 0.6978021978021978, 35: 0.2903225806451613, 36: 0.7142857142857143}"
42,0.09722454945246378,0.12042481824755669,0.7420227338085941,0.5630800515389793,"{0: 0.6774193548387096, 1: 0.40707964601769914, 2: 0.5822510822510822, 3: 0.47129909365558914, 4: 0.375, 6: 0.5558510638297872, 7: 0.7777777777777778, 8: 0.45454545454545453, 10: 0.5619469026548672, 11: 0.5022514071294559, 12: 0.08333333333333333, 13: 0.5352400408580184, 14: 0.6455696202531646, 15: 0.5, 17: 0.6549295774647887, 18: 0.6358024691358025, 19: 0.5169182717334722, 20: 0.5711627906976744, 21: 0.7466666666666667, 23: 0.6226415094339622, 24: 0.48923076923076925, 25: 0.7555555555555555, 26: nan, 27: 0.8, 28: 0.6536585365853659, 29: 0.6859403530127814, 30: 0.5367892976588629, 31: 0.21428571428571427, 32: 0.6395348837209303, 33: nan, 34: 0.7087912087912088, 35: 0.3225806451612903, 36: 0.7714285714285715}"
43,0.09726042896509171,0.12230157479643822,0.7376182475896411,0.5698827275478828,"{0: 0.7311827956989247, 1: 0.414320193081255, 2: 0.6266233766233766, 3: 0.4622356495468278, 4: 0.5, 6: 0.5576241134751773, 7: 0.7777777777777778, 8: 0.48295454545454547, 10: 0.5293644408688657, 11: 0.5075046904315197, 12: 0.08333333333333333, 13: 0.5536261491317671, 14: 0.6666666666666666, 15: 0.49645390070921985, 17: 0.6549295774647887, 18: 0.5740740740740741, 19: 0.5257678292555961, 20: 0.5734883720930233, 21: 0.7333333333333333, 23: 0.6309655937846836, 24: 0.48, 25: 0.7222222222222222, 26: nan, 27: 0.7333333333333333, 28: 0.6609756097560976, 29: 0.6634205721241632, 30: 0.5256410256410257, 31: 0.25, 32: 0.7325581395348837, 33: nan, 34: 0.721978021978022, 35: 0.3225806451612903, 36: 0.7714285714285715}"
44,0.09718266328175863,0.11895974166691303,0.7316911108083973,0.5738118314374767,"{0: 0.7419354838709677, 1: 0.415124698310539, 2: 0.604978354978355, 3: 0.5347432024169184, 4: 0.75, 6: 0.5540780141843972, 7: 0.7777777777777778, 8: 0.45454545454545453, 10: 0.5458567980691874, 11: 0.49624765478424016, 12: 0.08333333333333333, 13: 0.5291113381001021, 14: 0.7088607594936709, 15: 0.549645390070922, 17: 0.6338028169014085, 18: 0.5874485596707819, 19: 0.5705361790733993, 20: 0.532093023255814, 21: 0.7866666666666666, 23: 0.6426193118756937, 24: 0.46153846153846156, 25: 0.8222222222222222, 26: nan, 27: 0.6666666666666666, 28: 0.6097560975609756, 29: 0.6177723676202069, 30: 0.5250836120401338, 31: 0.21428571428571427, 32: 0.6162790697674418, 33: nan, 34: 0.721978021978022, 35: 0.2903225806451613, 36: 0.7428571428571429}"
45,0.09742882549762726,0.12030726112425327,0.7409889660809154,0.5746896633527727,"{0: 0.7096774193548387, 1: 0.39501206757843926, 2: 0.5746753246753247, 3: 0.44410876132930516, 4: 0.75, 6: 0.5638297872340425, 7: 0.7777777777777778, 8: 0.4659090909090909, 10: 0.5317779565567177, 11: 0.49887429643527204, 12: 0.08333333333333333, 13: 0.54341164453524, 14: 0.6835443037974683, 15: 0.5070921985815603, 17: 0.6639839034205232, 18: 0.6224279835390947, 19: 0.5065070275897969, 20: 0.546046511627907, 21: 0.8, 23: 0.5849056603773585, 24: 0.48307692307692307, 25: 0.7111111111111111, 26: nan, 27: 0.8333333333333334, 28: 0.6609756097560976, 29: 0.6536822884966524, 30: 0.5222965440356745, 31: 0.25, 32: 0.6627906976744186, 33: nan, 34: 0.7197802197802198, 35: 0.3225806451612903, 36: 0.7428571428571429}"
